path	bytes
.gitignore	130
01_model/build/meshes/01_shell.stl	1153184
01_model/build/meshes/02_hatch.stl	130984
01_model/build/scene.json	1257
01_model/cad/01_shell.step	1283059
01_model/cad/02_hatch.step	129260
01_model/cad/03_shell_assembly.step	1423016
01_model/cad/04_original_base.step	133345
01_model/docs/cad_checks.json	964
01_model/docs/mesh_checks.json	1085
01_model/docs/REVIEW.md	385
01_model/images/01_cad_preview.png	256166
01_model/images/02_grip_section.png	55013
01_model/print/01_shell_print.stl	1153184
01_model/print/02_hatch_print.stl	130984
01_model/print/04_magnet_fit_coupon.stl	25884
01_model/reference/ORIGIN.md	929
01_model/reference/original_full_assembly.step	41593940
01_model/reference/original_shell.step	685871
01_model/reference/render_context/original_0.stl	188884
01_model/reference/render_context/original_1.stl	16103184
01_model/reference/render_context/original_14.stl	46484
01_model/reference/render_context/original_2.stl	16091184
01_model/reference/render_context/original_3.stl	16149984
01_model/requirements.txt	53
01_model/source/build_model.py	6225
01_model/source/check_meshes.py	764
01_model/source/render_exploded.py	3725
01_model/source/render_preview.py	3411
01_model/source/render_section.py	1208
02_software/android_apk/RokiCar-Controller-v1.22-debug.apk	44539376
02_software/firmware/cyberbrick_rokicar_drv8833/boot.py	64
02_software/firmware/cyberbrick_rokicar_drv8833/main.py	9438
02_software/firmware/cyberbrick_rokicar_drv8833/README.md	2008
02_software/firmware/cyberbrick_rokicar_m1m2_plus_drv8833/boot.py	64
02_software/firmware/cyberbrick_rokicar_m1m2_plus_drv8833/index.html	27842
02_software/firmware/cyberbrick_rokicar_m1m2_plus_drv8833/main.py	17102
02_software/firmware/cyberbrick_rokicar_m1m2_plus_drv8833/README.md	2157
02_software/firmware/cyberbrick_rokicar_m1m2_plus_drv8833/rokicar_core.py	5522
02_software/firmware/cyberbrick_rokicar_m1m2_plus_drv8833/tests/mock_web_server.py	1988
02_software/firmware/cyberbrick_rokicar_m1m2_plus_drv8833/tests/stress_websocket.py	3823
02_software/firmware/cyberbrick_rokicar_m1m2_plus_drv8833/tests/test_lights.py	1752
02_software/firmware/cyberbrick_rokicar_m1m2_plus_drv8833/tests/test_rokicar_core.py	4673
02_software/firmware/phone_wifi_demo/boot.py	64
02_software/firmware/phone_wifi_demo/main.py	8837
02_software/firmware/phone_wifi_demo/README.md	699
02_software/firmware/phone_wifi_demo/upload.ps1	649
02_software/lessons/0001-three-wheel-inverse-kinematics.html	18700
02_software/mobile/rokicar-android/app/build.gradle	713
02_software/mobile/rokicar-android/app/libs/nuisdk-release.aar	14714632
02_software/mobile/rokicar-android/app/src/main/AndroidManifest.xml	1401
02_software/mobile/rokicar-android/app/src/main/assets/control-core.js	15601
02_software/mobile/rokicar-android/app/src/main/assets/index.html	90110
02_software/mobile/rokicar-android/app/src/main/assets/kws/decoder.onnx	759829
02_software/mobile/rokicar-android/app/src/main/assets/kws/encoder.int8.onnx	4599656
02_software/mobile/rokicar-android/app/src/main/assets/kws/joiner.int8.onnx	86629
02_software/mobile/rokicar-android/app/src/main/assets/kws/keywords.txt	40
02_software/mobile/rokicar-android/app/src/main/assets/kws/tokens.txt	1928
02_software/mobile/rokicar-android/app/src/main/assets/lights.js	3618
02_software/mobile/rokicar-android/app/src/main/java/com/k2fsa/sherpa/onnx/SherpaTypes.kt	3575
02_software/mobile/rokicar-android/app/src/main/java/com/rokicar/controller/AliyunRecognizer.java	8121
02_software/mobile/rokicar-android/app/src/main/java/com/rokicar/controller/DeepSeekClient.java	11495
02_software/mobile/rokicar-android/app/src/main/java/com/rokicar/controller/MainActivity.java	11602
02_software/mobile/rokicar-android/app/src/main/java/com/rokicar/controller/SecureStore.java	3101
02_software/mobile/rokicar-android/app/src/main/java/com/rokicar/controller/VoiceAssistant.java	9818
02_software/mobile/rokicar-android/app/src/main/java/com/rokicar/controller/WakeWordEngine.kt	4461
02_software/mobile/rokicar-android/app/src/main/jniLibs/arm64-v8a/libonnxruntime.so	21688920
02_software/mobile/rokicar-android/app/src/main/jniLibs/arm64-v8a/libsherpa-onnx-jni.so	4710728
02_software/mobile/rokicar-android/app/src/main/res/drawable/ic_launcher.xml	1090
02_software/mobile/rokicar-android/app/src/main/res/values/styles.xml	523
02_software/mobile/rokicar-android/app/src/main/res/xml/network_security_config.xml	145
02_software/mobile/rokicar-android/build.gradle	140
02_software/mobile/rokicar-android/gradle.properties	141
02_software/mobile/rokicar-android/gradle/wrapper/gradle-wrapper.jar	43504
02_software/mobile/rokicar-android/gradle/wrapper/gradle-wrapper.properties	250
02_software/mobile/rokicar-android/gradlew	8762
02_software/mobile/rokicar-android/gradlew.bat	2966
02_software/mobile/rokicar-android/README.md	7716
02_software/mobile/rokicar-android/settings.gradle	337
02_software/mobile/rokicar-android/tests/control-core.test.js	8048
02_software/mobile/rokicar-android/tests/lights-connection.test.cjs	2178
02_software/mobile/rokicar-android/tests/ui-layout.test.js	2851
02_software/mobile/rokicar-controller/.hbuilderx/launch.json	130
02_software/mobile/rokicar-controller/App.vue	261
02_software/mobile/rokicar-controller/common/control.js	3772
02_software/mobile/rokicar-controller/main.js	151
02_software/mobile/rokicar-controller/manifest.json	1205
02_software/mobile/rokicar-controller/package.json	159
02_software/mobile/rokicar-controller/pages.json	388
02_software/mobile/rokicar-controller/pages/index/index.vue	28080
02_software/mobile/rokicar-controller/README.md	2196
02_software/mobile/rokicar-controller/tests/control.test.mjs	4030
02_software/mobile/rokicar-controller/uni.scss	67
02_software/simulator/rokicar-motion-simulator.html	24060
02_software/tools/wifi-rssi-monitor/index.html	6678
02_software/tools/wifi-rssi-monitor/server.js	3114
03_hardware_and_learning/当前主线连接总图.svg	4498
03_hardware_and_learning/底盘轮位参考-轮心圆135mm.svg	2929
03_hardware_and_learning/底盘装配与下一步进程规划.md	5238
03_hardware_and_learning/接收板M1M2加DRV8833接线图.svg	4116
03_hardware_and_learning/三轮全向小车-CyberBrick底盘制作方案.md	12164
03_hardware_and_learning/CyberBrick三轮电机驱动选型接线与客户端配置.md	8656
03_hardware_and_learning/CyberBrick三轮全向小车配置指南.md	5900
03_hardware_and_learning/DRV8833两板接线图.svg	4957
03_hardware_and_learning/MISSION.md	1086
03_hardware_and_learning/RESOURCES.md	994
04_media/01_hero_closed.png	1729206
04_media/01_hero.png	2002652
04_media/02_camera_closed.png	1605596
04_media/02_camera_expansion_concepts.png	1867813
04_media/03_pan_tilt_closed.png	1628759
04_media/04_exploded_cad.png	204779
04_media/IMAGE_NOTES.md	894
04_media/PROMPTS.md	3186
05_docs/ARCHIVE_NOTES.md	632
05_docs/ARCHIVE_SNAPSHOT.md	206
05_docs/BOM.md	1032
05_docs/EXPANSION.md	813
05_docs/FEATURES_AND_ROADMAP.md	2086
05_docs/HARDWARE_CONNECTIONS.md	2151
05_docs/MAKERWORLD_DESCRIPTION.md	2140
05_docs/NAMING.md	644
05_docs/PRINT_AND_ASSEMBLY.md	2053
05_docs/PROJECT_OVERVIEW.md	2438
05_docs/PROMO_COPY.md	769
05_docs/PUBLISH_FILES.md	1446
05_docs/QUICK_START.md	1146
05_docs/SOFTWARE_GUIDE.md	2100
05_docs/TROUBLESHOOTING.md	1377
LICENSE	1088
README.md	3841
RELEASE_NOTES.md	902
RokiCar_项目手册.md	16021
THIRD_PARTY.md	614
